,Source,Target,weight,total_retweets,reliable
1,_bankista,www.therichest.com,1,1,1
2,_CarolynYates,www.theguardian.com,1,0,1
3,_GroundReality,www.forbes.com,1,4,1
4,_k3l50,www.breitbart.com,1,0,0
5,_StormRaven_,www.quantamagazine.org,1,0,1
6,_valeriodangelo,www.ted.com,2,0,1
7,13CGunReviews,www.instagram.com,2,0,1
8,1tweetybugg,www.nature.com,2,0,1
9,2CynicAl65,web.archive.org,1,3,1
10,360Eventz,business.financialpost.com,2,0,1
11,66blaise,www.economist.com,1,0,1
12,706am,www.quantamagazine.org,1,0,1
13,7billiontoday,sevenbilliontoday.com,1,0,1
14,a_mastrogiacomo,www.quantamagazine.org,1,0,1
15,A4Ny14,www.ucsusa.org,2,0,1
16,AadhaarLaw,disastrousearth.wordpress.com,1,2,1
17,AadhaarScrap,disastrousearth.wordpress.com,1,2,1
18,AAlasti,www.snopes.com,2,0,1
19,AavishkaarVC,www.weforum.org,2,0,1
20,AbelGustafson,climatecommunication.yale.edu,2,1,1
21,ABURYCollection,www.theguardian.com,2,0,1
22,ABusinessWitch,apple.news,1,0,1
23,accouder,wap.business-standard.com,1,0,1
24,ActifyPress,www.actifypress.com,2,4,1
25,ActionCountdown,www.apnews.com,2,0,1
26,AdamRogers2030,www.weforum.org,2,16,1
27,adapt2030,www.youtube.com,2,6,1
28,ADB_HQ,www.weforum.org,2,0,1
29,Aditi_bjplover,www.business-standard.com,2,0,1
30,AESSnews,www.usatoday.com,1,0,1
31,AFreespeechzone,www.breitbart.com,2,0,0
32,ahluv2,agendas.how,1,1,1
33,AhmedKaram_t,www.youtube.com,2,0,1
34,AimeeFuller,humansarefree.com,2,2,0
35,akiyamamio2007,www.instagram.com,2,0,1
36,AKoach,climatism.blog,1,0,1
37,alanwplace,www.alsdominion.co.uk,1,0,1
38,AlexanderXV,www.bbc.com,1,0,1
39,AlexanderXV,www.independent.co.uk,1,0,1
40,AlexBStamp,www.theguardian.com,1,0,1
41,AlexIp718,www.cnn.com,1,1,1
42,AlexNewsZA,alexnews.co.za,1,0,1
43,alfred849,inews.co.uk,1,0,1
44,AlisaApps,alisaapps.com,1,46,1
45,alisterdoyle,www.reuters.com,1,4,1
46,Allcot_news,allcot.com,2,2,1
47,ALLREDToDoRoJo,www.economist.com,1,0,1
48,ALLREDToDoRoJo,www.usatoday.com,1,0,1
49,amadorn,www.americanthinker.com,1,0,0
50,amadorn,www.zerohedge.com,2,0,0
51,AmissPaul,www.independent.co.uk,1,1,1
52,amoghahl,amp.skymetweather.com,1,2,1
53,amoghahl,www.ndtv.com,1,0,1
54,amoghahl,www.news18.com,1,0,1
55,amruthasuri,theconversation.com,2,0,1
56,amruthasuri,weather.com,2,0,1
57,amruthasuri,www.abc.net.au,1,1,1
58,amruthasuri,www.carbonbrief.org,1,1,1
59,amruthasuri,www.economist.com,1,0,1
60,amruthasuri,www.gamespot.com,2,0,1
61,amruthasuri,www.joboneforhumanity.org,4,0,1
62,amruthasuri,www.ndtv.com,1,0,1
63,amruthasuri,www.nytimes.com,2,2,1
64,amruthasuri,www.scientificamerican.com,1,0,1
65,amruthasuri,www.theguardian.com,1,0,1
66,amruthasuri,www.washingtonexaminer.com,1,0,0
67,amygatenbyy,www.amygatenby.co.uk,2,1,1
68,anamoly_london,www.instagram.com,1,0,1
69,AnandBalak,www.facebook.com,1,0,1
70,AncientAmbiance,www.glamourmagazine.co.uk,1,2,1
71,AndreaMcGimsey,apple.news,1,0,1
72,AndrewHigsdrew,www.armstrongeconomics.com,1,0,1
73,AndyG032,www.zerohedge.com,2,0,0
74,angelay33,morningconsult.com,1,0,1
75,AnjaKolibri,cleantechnica.com,2,6,1
76,AOTH_RMills,www.reuters.com,1,1,1
77,AP19951230,www.nrdc.org,2,0,1
78,arbnco,www.ukgbc.org,1,0,1
79,ArchKennedy,dailycaller.com,1,141,0
80,AriDavidUSA,www.breitbart.com,1,3,0
81,AridZonAfforest,particle.scitech.org.au,2,0,1
82,aroyal4oz,www.nytimes.com,1,0,1
83,ArrestAnon,www.breitbart.com,2,0,0
84,ARTIBA_Insights,www.brookings.edu,2,2,1
85,AsherCJr,www.facebook.com,1,0,1
86,ashishrbedekar,earthsky.org,2,0,1
87,ashishrbedekar,inhabitat.com,2,2,1
88,ashishrbedekar,insideclimatenews.org,2,0,1
89,ashishrbedekar,thehill.com,2,0,1
90,ashishrbedekar,thinkprogress.org,2,0,0
91,ashishrbedekar,weather.com,2,2,1
92,ashishrbedekar,www.breitbart.com,3,2,0
93,ashishrbedekar,www.cbc.ca,2,2,1
94,ashishrbedekar,www.joboneforhumanity.org,1,0,1
95,ashishrbedekar,www.nbcnews.com,2,0,1
96,ashishrbedekar,www.newsweek.com,1,0,1
97,ashishrbedekar,www.scientificamerican.com,1,0,1
98,AshRi373,www.usatoday.com,1,0,1
99,astroengine,www.quantamagazine.org,1,1,1
100,ASYNSIS,www.quantamagazine.org,1,0,1
101,AtlasFuture,atlasofthefuture.org,3,1,1
102,atulabhas,www.fairobserver.com,4,0,1
103,AurorasaCoach,www.quantamagazine.org,1,0,1
104,AussieAce_,www.reuters.com,1,0,1
105,BA_Chaudhry,www.quantamagazine.org,1,2,1
106,babynetman,www.zerohedge.com,2,0,0
107,BaggaBrigade,www.americanthinker.com,1,1,0
108,Based_Right,principia-scientific.org,1,1,1
109,BassettGreener,www.independent.co.uk,2,0,1
110,batrsartre,batrnews.blogspot.com,1,0,1
111,beach805_chris,www.youtube.com,2,0,1
112,beachydreamer,haaretz.com,2,0,1
113,beachydreamer,www.haaretz.com,2,0,1
114,benmetz,www.snopes.com,2,10,1
115,BenstksC,realclimatescience.com,1,0,1
116,best_essay_com,best-custom-essays.com,1,0,1
117,Best_Schools,thebestschools.org,2,0,1
118,BestGreenEdu,www.macoma.us,1,0,1
119,BigPete23,www.quantamagazine.org,1,0,1
120,BigShineEnergy,www.laboratoryequipment.com,2,0,1
121,BigShineEnergy,www.nbcnews.com,2,2,1
122,BirdsRachel,www.instagram.com,2,0,1
123,blondefrog123,www.thegatewaypundit.com,2,0,0
124,bobhillbrain,insideclimatenews.org,1,0,1
125,bobhillbrain,rpujolviven.blogspot.com,10,1,1
126,bobhillbrain,sc.mp,1,0,1
127,bobhillbrain,wapo.st,1,0,1
128,bobhillbrain,www.carbonbrief.org,1,1,1
129,bobhillbrain,www.irishtimes.com,1,0,1
130,bobhillbrain,www.rollingstone.com,2,0,1
131,bobhillbrain,www.theguardian.com,3,0,1
132,BoredAlchemist,www.quantamagazine.org,1,0,1
133,brainbarcom,www.youtube.com,1,2,1
134,BrasilGreenBldg,www.rateitgreen.com,1,1,1
135,BreathingDelhi,www.carbonbrief.org,1,0,1
136,BreathingDelhi,www.reuters.com,1,0,1
137,Brian_Sussman,www.youtube.com,2,2,1
138,BronsonLSmith,www.youtube.com,1,0,1
139,BryanCalling,www.bryanhaugerconsulting.com,1,0,1
140,bryanth65103667,www.washingtonpost.com,1,0,1
141,bsindia,www.business-standard.com,2,8,1
142,cadegorawrz,www.instagram.com,1,0,1
143,CAGreenbuilding,www.rateitgreen.com,2,0,1
144,CaitlinCumberl1,www.independent.co.uk,1,0,1
145,CaplanComms,thehill.com,1,0,1
146,CarbonBubble,www.reuters.com,1,12,1
147,CarlSiegrist,www.reuters.com,1,0,1
148,carrzee,www.bloomberg.com,1,0,1
149,CatchupNewsOrg,www.catchupnews.org,2,0,1
150,CAugustenborg,edition.cnn.com,1,1,1
151,cbsolarshading,cbsolarshading.co.uk,2,2,1
152,CCellUK,www.theguardian.com,2,0,1
153,CCL_Nebraska,www.crowdsourcingsustainability.org,1,0,1
154,CCLSlipperyRock,citizensclimatelobby.org,2,4,1
155,CCLSlipperyRock,thinkprogress.org,1,0,0
156,CCLSlipperyRock,www.axios.com,1,1,1
157,CCLSlipperyRock,www.nytimes.com,1,0,1
158,CCLSlipperyRock,www.post-gazette.com,2,0,1
159,CCLSlipperyRock,www.thenation.com,1,0,1
160,CCS_CO2e,globalnews.ca,2,1,1
161,CCS_CO2e,www.digitaljournal.com,1,0,1
162,CCS_CO2e,www.nationalgeographic.com,1,0,1
163,chairmannetwork,n06,2,0,1
164,ChanceArtInc,www.theguardian.com,2,0,1
165,ChandraTVTN,www.ichowk.in,2,0,1
166,charles_consult,www.reuters.com,1,0,1
167,ChildrenOfDoom2,www.sciencedaily.com,2,0,1
168,ChloeConno,www.thenationalstudent.com,2,2,1
169,ChristiAnne67,www.reuters.com,1,6,1
170,CianSalleh,www.surveymonkey.com,2,0,1
171,cjharrispretzer,www.breitbart.com,1,0,0
172,cjianos,apple.news,1,1,1
173,cjianos,www.usatoday.com,2,0,1
174,CJPIsrael,www.haaretz.com,2,0,1
175,ClackamasDems,et.al,2,2,1
176,ClackamasDems,today.oregonstate.edu,2,2,1
177,ClaudiaDuke,www.nrdc.org,1,10,1
178,cleanairfrank,www.dailymail.co.uk,2,0,1
179,cleanenergycan,thehill.com,1,3,1
180,CleanWisconsin,www.jsonline.com,1,0,1
181,CleanWisconsin,www.ucsusa.org,2,4,1
182,CleanWisconsin,www.usatoday.com,1,0,1
183,CLEOInstitute,www.reuters.com,1,0,1
184,Climageddon,www.joboneforhumanity.org,25,4,1
185,Climatebriefing,www.independent.co.uk,2,0,1
186,ClimateChangea,tropical.colostate.edu,2,0,1
187,ClimateChangea,www.facebook.com,4,0,1
188,ClimateChangea,www.youtube.com,2,0,1
189,ClimateComms,www.cnn.com,1,3,1
190,climatefactaday,www.ipcc.ch,1,1,1
191,ClimateNexus,www.usatoday.com,1,3,1
192,ClimaticMatters,www.ajc.com,2,2,1
193,cliveldunn,www.zerohedge.com,2,0,0
194,CloverChron,cloverchronicle.com,1,2,1
195,CluelessTees,www.cluelesstees.com,1,1,1
196,CluelessTees,www.etsy.com,2,4,1
197,COGreenbuilding,www.rateitgreen.com,2,0,1
198,CombatGlobal,www.reuters.com,1,3,1
199,commoncurator,www.theguardian.com,1,0,1
200,CompanionCosmic,bit.ly,1,1,1
201,Computertechnw,rare.us,1,0,1
202,CongHuelskamp,www.heartland.org,3,6,0
203,CongressOrBJP,disastrousearth.wordpress.com,1,2,1
204,ContiTonight,www.timeanddate.com,2,2,1
205,CounterCalexit,www.breitbart.com,2,0,0
206,cphomeloansaz,cleantechnica.com,1,0,1
207,Cpr_Am,www.cpr-am.fr,2,20,1
208,CrescentVale,www.youtube.com,2,0,1
209,cristiandinacom,www.redbubble.com,2,0,1
210,CrwdsrcingSusty,www.crowdsourcingsustainability.org,3,0,1
211,CTgreenbuilding,www.rateitgreen.com,2,0,1
212,CTPatriot2006,www.huffpost.com,2,4,1
213,CushnocRA,www.economist.com,1,1,1
214,CwHumanEcology,www.theguardian.com,1,0,1
215,damyantig,www.theguardian.com,1,0,1
216,DanaDredard,www.reuters.com,1,0,1
217,DanGraur,judgestarling.tumblr.com,4,2,1
218,danielavalla1,www.theguardian.com,1,0,1
219,dannyeatsnosh,www.independent.co.uk,1,0,1
220,David_J_Ward,www.telegraph.co.uk,2,0,1
221,DavidJarratt1,www.reuters.com,1,1,1
222,davidstoreytv,www.usatoday.com,1,0,1
223,davisdavislaw,www.freddavislaw.com,2,0,1
224,DavisMorgan88,edition.cnn.com,1,0,1
225,dbcurren,www.quantamagazine.org,1,0,1
226,dcarollo_edu,www.linkedin.com,1,0,1
227,DCNY18,climate.nasa.gov,2,0,1
228,Debbie_Travel,www.theguardian.com,1,0,1
229,DenitzaToteva,www.theguardian.com,2,2,1
230,derekdob,www.thegatewaypundit.com,2,0,0
231,derekdob,www.zerohedge.com,2,0,0
232,derrickgakuu,climatecommunication.yale.edu,2,0,1
233,desota,cleantechnica.com,1,1,1
234,dfmmover,medium.com,1,0,1
235,dfmmover,thinkprogress.org,1,0,0
236,DGGeothermal,brilliantmaps.com,1,0,1
237,DianeShears,www.armstrongeconomics.com,2,0,1
238,digitaldeath,www.washingtonpost.com,1,1,1
239,digitalgypsie,apple.news,1,0,1
240,digitaljournal,www.digitaljournal.com,3,0,1
241,DiscoverBattery,www.independent.co.uk,2,1,1
242,DissolvedAngel,www.youtube.com,1,0,1
243,DKump11,www.google.com,1,1,1
244,dlbessette,www.reuters.com,1,0,1
245,dmiddleton03,m.youtube.com,1,0,1
246,Doc_MRock,www.independent.co.uk,1,0,1
247,DoctoraVillegas,www.theguardian.com,1,0,1
248,dog8thewallet,globalnews.ca,2,0,1
249,dog8thewallet,www.express.co.uk,2,0,0
250,dog8thewallet,www.thestar.com,1,1,1
251,DonCarlitos,www.independent.co.uk,1,0,1
252,DonCarlitos,www.reddit.com,1,0,1
253,down2earthindia,www.downtoearth.org.in,1,3,1
254,DprkKorea,climatism.blog,1,0,1
255,DQQ702,www.instagram.com,1,0,1
256,Dr_Blaine,www.quantamagazine.org,1,0,1
257,DreadnoughtQCCA,www.washingtonexaminer.com,1,0,0
258,DrGaspar,www.reuters.com,1,0,1
259,DrGeorgeBurdell,www.forbes.com,1,0,1
260,DrGeorgeBurdell,www.washingtonexaminer.com,1,0,0
261,drjriggs,www-m.cnn.com,1,0,1
262,drjriggs,www.technologyreview.com,1,0,1
263,DrPresage,www.technologyreview.com,1,1,1
264,DruCrawley,www.forbes.com,1,0,1
265,dyinglowkey,www.youtube.com,2,0,1
266,EarthAccounting,thinkprogress.org,1,1,0
267,EarthAccounting,www.earth.com,4,4,1
268,EarthAccounting,www.nationalgeographic.com,1,2,1
269,EarthAccounting,www.quantamagazine.org,1,1,1
270,EarthAccounting,www.usatoday.com,1,0,1
271,EarthConscious_,www.theguardian.com,1,1,1
272,earthlyrosy,www.theguardian.com,1,0,1
273,earthocean,www.weforum.org,2,2,1
274,EarthrOrg,uk.reuters.com,1,1,1
275,ebphoto,astronomynow.com,1,0,1
276,ec_minister,www.cbc.ca,1,26,1
277,ECIComm,www.usatoday.com,1,0,1
278,ecoaddicts,www.news24.com,1,0,1
279,EcoWatch,www.ecowatch.com,2,19,0
280,Ede_WBG,www.weforum.org,2,0,1
281,EdH77271683,abcnews.go.com,1,0,1
282,EdH77271683,www.cbsnews.com,1,0,1
283,EdH77271683,www.edwardhahn.us,2,0,1
284,Ehsanima,www.quantamagazine.org,1,0,1
285,ehsanrizvi,haaretz.com,2,0,1
286,ehsanrizvi,www.haaretz.com,2,0,1
287,ejn_greencareer,news.trust.org,1,0,1
288,ejn_greencareer,www.nature.com,2,4,1
289,elenaperrone,humansarefree.com,2,0,0
290,elenaperrone,www.youtube.com,2,0,1
291,ellenabianchib,www.theguardian.com,1,0,1
292,EllySpaceMusic,www.youtube.com,2,2,1
293,emvidal,teaattrianon.blogspot.com,1,0,1
294,EnergyHouseVA,www.express.co.uk,2,2,0
295,ENM1989,www.quantamagazine.org,1,0,1
296,entradeio,www.entrade-x.com,2,6,1
297,envirwatchdog,www.economist.com,1,2,1
298,EnvProtectioNet,www.usatoday.com,1,0,1
299,Enzyme__Xo,brianmolloy.ie,1,1,1
300,EU_Remain_2017,www.thenational.scot,2,4,1
301,eumayors,wwf.panda.org,1,10,1
302,EuniceAhari,www.instagram.com,1,0,1
303,EuroGeosciences,www.carbonbrief.org,1,5,1
304,EuropeScientist,www.europeanscientist.com,1,0,1
305,EvaldoFerra,www.instagram.com,2,0,1
306,Even_OT,www.theguardian.com,1,1,1
307,evil_avatar,www.breitbart.com,1,0,0
308,evilripper,www.instagram.com,1,0,1
309,FactCertain,www.breitbart.com,1,0,0
310,Fadiradi,www.youtube.com,1,4,1
311,fausee,www.bloomberg.com,1,0,1
312,fausee,www.weforum.org,2,0,1
313,FCarrenoGalvez,apple.news,1,0,1
314,fcsrx7,www.usnews.com,1,0,1
315,ffrrnnxx,thehill.com,1,0,1
316,FinancialXpress,www.financialexpress.com,1,0,1
317,Fingersflying,www.dailysignal.com,1,1,0
318,FJHandley,www.cnn.com,1,1,1
319,fjwakron,www.reuters.com,1,0,1
320,Florent_Buiron,www.bloomberg.com,2,0,1
321,Floridagirl9876,www.youtube.com,2,0,1
322,FMGlobal,www.economist.com,1,4,1
323,ForDummies,ow.ly,1,1,1
324,Forumeteoclimat,www.usatoday.com,2,2,1
325,Frankendr01d,www.mattysparadigm.org,4,0,1
326,FraserFaithful,www.washingtonexaminer.com,1,0,0
327,FreeDawg34,en.wikipedia.org,2,0,1
328,frogmomblog,www.abc.net.au,1,0,1
329,future_timeline,mashable.com,2,0,1
330,GagneRenaud,www.breitbart.com,1,0,0
331,GagneRenaud,www.usatoday.com,2,0,1
332,Gcclpla,www.nbcnews.com,2,4,1
333,gcesystems,www.prnewswire.com,2,0,1
334,GDNonline,www.gdnonline.com,1,0,1
335,Gender_Env,www.reuters.com,1,0,1
336,GeographyOasis,www.teacherspayteachers.com,2,0,1
337,GeographyOasis,www.tes.com,2,0,1
338,ggibsonsmith,www.theguardian.com,1,0,1
339,GiBonazzi,www.standard.co.uk,2,0,1
340,GISP_Tweets,www.bbc.com,2,10,1
341,GlebeShore,www.investors.com,2,0,1
342,GlenRob78405325,www.commondreams.org,1,1,0
343,GlenRob78405325,www.dailymail.co.uk,2,0,1
344,GlobalMacroZen,www.quantamagazine.org,1,0,1
345,globalwarmingt,www.scmp.com,1,6,1
346,gloocall,allcot.com,2,2,1
347,GloryBuck22,www.instagram.com,1,1,1
348,godi_talk,sciencedirect.com,1,1,1
349,GodnCountry_,tracking.feedpress.it,1,0,1
350,GPTInnovations,www.bloomberg.com,1,1,1
351,GraemeLScott,thinkprogress.org,1,0,0
352,GraemeLScott,www.usatoday.com,1,2,1
353,GrahameLucas,www.nbcnews.com,1,2,1
354,GreenBuildingWI,www.rateitgreen.com,2,2,1
355,GreenSchoolsAll,mailchi.mp,2,0,1
356,gregmckone,globalnews.ca,2,0,1
357,grillotalpa,www.focus.it,1,0,1
358,GrupoEnergia16,www.energia16.com,2,0,1
359,GSEGreenSaturn,www.nytimes.com,2,8,1
360,handgunsafety,www.axios.com,1,0,1
361,HandymanCapitol,www.sott.net,4,0,0
362,HappsHealthHome,climate.nasa.gov,2,0,1
363,harjotkaur29,www.theatlantic.com,2,0,1
364,HaulTail,www.haultail.com,1,2,1
365,headspacecoach,www.investors.com,1,0,1
366,healthybuttrfly,haaretz.com,2,0,1
367,healthybuttrfly,www.haaretz.com,2,0,1
368,HeartlandGR,www.heartland.org,1,0,0
369,HectorVote,www.breitbart.com,1,0,0
370,HeFeibao,www.bloomberg.com,1,0,1
371,Heinessight,www.youtube.com,1,2,1
372,helenarbennett_,www.vox.com,2,2,1
373,HelloMittyKitty,www.aol.com,1,0,1
374,HelmsMadeleine,www.theguardian.com,1,1,1
375,HenriMars13,www.standard.co.uk,2,2,1
376,hiveenergy,www.usatoday.com,1,0,1
377,Holograph_Ltd,en.wikipedia.org,2,2,1
378,howtu2,how-tu.com,1,0,1
379,HtraeFolks,splinternews.com,2,0,1
380,htTweets,www.hindustantimes.com,2,6,1
381,hugolasnier,www.youtube.com,6,1,1
382,HunterCutting,earther.gizmodo.com,1,0,1
383,hutch4progress,www.usatoday.com,1,0,1
384,hypocrisyabound,abcnews.go.com,1,0,1
385,hysterisk65,www.armstrongeconomics.com,3,0,1
386,iag2u,www.usatoday.com,2,2,1
387,IAM_23150,www.cbsnews.com,1,1,1
388,Ice911Research,www.cnn.com,1,0,1
389,IceXPR,www.usatoday.com,1,0,1
390,iChinadian,www.cbc.ca,2,0,1
391,ICLEI_ResCities,wwf.panda.org,1,4,1
392,ilceruttino,edition.cnn.com,2,0,1
393,ilceruttino,newsblaze.com,1,1,1
394,ilceruttino,www.weforum.org,2,0,1
395,ILgreenbuilding,www.rateitgreen.com,2,0,1
396,ImagineTheGreen,www.counterpunch.org,2,0,0
397,IMidwest,www.axios.com,1,0,1
398,ImperialCCFI,www.economist.com,1,0,1
399,ImpInvNetwork,www.weforum.org,2,0,1
400,IndiaGreenBldg,www.rateitgreen.com,2,2,1
401,indianathomas,unofficialnetworks.com,2,0,1
402,indiatimes,www.indiatimes.com,1,1,1
403,IngridHesser,thinkprogress.org,1,0,0
404,INGVambiente,www.usatoday.com,2,13,1
405,inhisstepsdover,www.facebook.com,2,2,1
406,Integris3B,www.ft.com,1,0,1
407,Ionexx_RD,www.reuters.com,1,1,1
408,IraHunter8,www.theglobeandmail.com,1,0,1
409,IstvanElek,www.linkedin.com,2,0,1
410,jar_climate,www.carbonbrief.org,2,2,1
411,JArthurLewis,www.usatoday.com,2,0,1
412,jasondmoss,www.quantamagazine.org,1,1,1
413,JasonEFarabaugh,www.washingtonpost.com,1,0,1
414,jay_greathouse,www.reuters.com,1,0,1
415,JayDobkin,commons.wikimedia.org,2,0,1
416,JayDobkin,upload.wikimedia.org,2,0,1
417,JayseChaseTV,www.linkedin.com,1,1,1
418,jbills83,nymag.com,1,0,1
419,jbsrq,www.breitbart.com,1,0,0
420,JC_Cali,www.cbsnews.com,2,2,1
421,jeffbassell,finance.townhall.com,1,1,1
422,jeffbrock58,www.axios.com,2,2,1
423,JeffDuntemann,www.nytimes.com,2,2,1
424,jellycat72,www.instagram.com,1,0,1
425,Jercope,www.theguardian.com,2,0,1
426,jftaveira1993,www.channelnewsasia.com,2,4,1
427,jim261bob,www.breitbart.com,1,0,0
428,jlakely,moonbattery.com,2,0,1
429,jmskibsted,www.independent.co.uk,2,2,1
430,JoanneSpruceC21,globalnews.ca,1,0,1
431,JoanneSpruceC21,weather.com,1,0,1
432,JoanneSpruceC21,www.economist.com,1,0,1
433,JoanneSpruceC21,www.miamiherald.com,2,0,1
434,jocularious,jocularious.com,5,0,1
435,JoeLemur,www.washingtonexaminer.com,1,1,0
436,john_p_rafferty,climatecommunication.yale.edu,2,2,1
437,John_Wayne1111,www.breitbart.com,1,0,0
438,JohnCoviello1,hubpages.com,1,0,1
439,JonasPWerner,www.cnn.com,2,4,1
440,judemgreen,www.feinstein.senate.gov,4,3,1
441,judymorris3,davidstockmanscontracorner.com,2,0,0
442,judymorris3,www.brighteon.com,1,0,1
443,judymorris3,www.dcclothesline.com,2,1,0
444,juliendemassey,www.nbcnews.com,2,0,1
445,JulieVdberghe,wwf.panda.org,2,0,1
446,JustOne_UK,www.independent.co.uk,1,0,1
447,Justweeterin,www.youtube.com,2,0,1
448,JWolstad,www.reuters.com,1,1,1
449,JWSpry,bitly.com,1,5,1
450,JWSpry,climatism.blog,9,101,1
451,JWSpry,wattsupwiththat.com,1,13,1
452,jyrkikononen,bitly.com,1,0,1
453,KathiFajardo,www.cbc.ca,2,2,1
454,KatMaria,www.independent.co.uk,1,2,1
455,Kattenkopjes,www.bloomberg.com,1,3,1
456,kbalaji1991,inshorts.com,2,0,1
457,KenGreenwood11,climatecommunication.yale.edu,2,0,1
458,KenjiMiyajima,insideclimatenews.org,1,2,1
459,Kent_SignsMag,soundcloud.com,1,0,1
460,kettlemoraine,www.snopes.com,2,0,1
461,kevindavis338,apnews.com,1,0,1
462,kindcutesteve,www.independent.co.uk,2,32,1
463,KingofthePauper,smartestman.ca,2,2,1
464,KingofthePauper,www.youtube.com,2,2,1
465,KirHammond,specifierreview.com,2,2,1
466,KlaudineWakasa,www.climatechangenews.com,1,1,1
467,KlausRiede,www.quantamagazine.org,1,1,1
468,Klemens82,climate.weather.gc.ca,2,0,1
469,KobeeManatee,www.ecoti.in,2,0,1
470,KobeeManatee,www.euronews.com,2,0,1
471,KobeeManatee,www.forbes.com,2,0,1
472,KobeeManatee,www.news-leader.com,2,0,1
473,KobeeManatee,www.usatoday.com,4,0,1
474,KristineCummins,www.newsweek.com,2,2,1
475,Kurtilette,www.linkedin.com,1,0,1
476,kurtisbright523,www.inquisitr.com,2,0,1
477,kww_led,kwwled.com,1,0,1
478,lary_flet,jamaica-gleaner.com,2,0,1
479,lary_flet,www.news-leader.com,2,0,1
480,lary_flet,www.usatoday.com,2,0,1
481,laststraw13,www.co2.earth,1,0,1
482,latestly,www.latestly.com,2,2,1
483,lauras_realm,apnews.com,2,0,1
484,LaurelLeafChat,polarbearsinternational.org,1,0,1
485,layden_h,www.globalwarming.org,2,0,1
486,LCRCleveland,www.breitbart.com,1,0,0
487,LeeKitzis,earthobservatory.nasa.gov,1,0,1
488,LeeKitzis,www.newsweek.com,1,0,1
489,letourse,www.theglobeandmail.com,1,0,1
490,Letsdiskuss,www.youtube.com,2,0,1
491,libertynation,www.libertynation.com,2,0,1
492,libspring,www.theguardian.com,1,1,1
493,lidwieneik_boom,humansarefree.com,2,2,0
494,lilo623,www.apnews.com,1,0,1
495,Limey98,www.breitbart.com,1,0,0
496,LinaSalazar,www.forbes.com,2,0,1
497,Littlemisskatyb,www.independent.co.uk,1,1,1
498,LoomSolar,www.loomsolar.com,2,8,1
499,LT_Misc,a.msn.com,2,0,1
500,LTGenerators,ltgenerators.com,1,0,1
501,LubomilaJ,www.nbcnews.com,4,0,1
502,LucaLombroso,www.standard.co.uk,2,2,1
503,LuluWalcott1,www.reuters.com,1,0,1
504,LunaRoseHD,www.theguardian.com,1,0,1
505,lxztlr,www.nytimes.com,1,0,1
506,M_J_Robbins,www.independent.co.uk,1,0,1
507,maga_proud,humansarefree.com,2,0,0
508,MAGreenBuilding,www.rateitgreen.com,2,0,1
509,MakeEarthSexy,www.vox.com,2,0,1
510,malhotravineet7,www.popsci.com,2,0,1
511,MallMaga,www.usatoday.com,2,2,1
512,manriquehawaii,www.breitbart.com,1,0,0
513,MarcikFrantisek,www.reuters.com,1,0,1
514,MariaMo32975161,www.theguardian.com,2,0,1
515,markcclaydon,www.instagram.com,1,0,1
516,market_forces,www.abc.net.au,2,18,1
517,MasonResearch,www.sierraclub.org,2,4,1
518,masplawn,www.nasa.gov,1,0,1
519,MastersofDebate,www.spreaker.com,1,1,1
520,MastrBlue,www.breitbart.com,1,0,0
521,MattMorgan23,www.businessinsider.com,2,0,1
522,MayaMachacek,www.cnn.com,1,0,1
523,MayaMachacek,www.nationalgeographic.com,1,0,1
524,Medic_Nikola,www.sciencedirect.com,1,0,1
525,meds4care,www.voanews.com,1,1,1
526,Megavolts001,www.thegatewaypundit.com,2,44,0
527,MemorialReefs,grist.org,1,0,1
528,mflayton,www.heartland.org,2,0,0
529,MiaLis79,www.wunderground.com,2,0,1
530,MICHAELANTONIO,michaelantonio.biz,1,0,1
531,MichelleHardee,www.nbcnews.com,2,2,1
532,MidrandReporter,midrandreporter.co.za,1,0,1
533,MIGreenBuilding,www.rateitgreen.com,2,0,1
534,MikeyDog,www.city-journal.org,1,0,0
535,mikeyJ1980,www.instagram.com,1,0,1
536,MilkHurts,www.livekindly.co,1,1,1
537,MindfulTShirt,mindfultshirt.com,1,0,1
538,miniprice75,www.bbc.co.uk,1,0,1
539,mkty5280,www.reuters.com,1,0,1
540,MOgreenbuilding,www.rateitgreen.com,1,0,1
541,mompanionship,www.youtube.com,2,0,1
542,MonarchinMN,inhabitat.com,2,0,1
543,Moonbattery1,moonbattery.com,4,0,1
544,mpAltreNotizie,www.counterpunch.org,2,0,0
545,MThunderslice,www.youtube.com,2,0,1
546,MtRushmore2016,americaoutloud.com,2,0,1
547,MURPHYPJ,fineartamerica.com,1,0,1
548,muycarro,humansarefree.com,1,0,0
549,MyAnandaBazar,www.anandabazar.com,1,0,1
550,n_rosellini,www.channelnewsasia.com,4,8,1
551,NaneAam,www.econlib.org,2,0,1
552,ndtv,www.ndtv.com,2,16,1
553,NE_Tribune,northeasterntribune.co.za,1,0,1
554,Necio_news,riskandinsurance.com,2,0,1
555,NeilDufty,climatecommunication.yale.edu,2,0,1
556,netsy01,weather.com,2,0,1
557,newglobalelite,www.ted.com,2,0,1
558,newsblaze,newsblaze.com,1,1,1
559,NewsNMT,northcliffmelvilletimes.co.za,1,0,1
560,nextexpected,www.nexpected.com,1,1,1
561,NHgreenbuilding,www.rateitgreen.com,2,0,1
562,NicolasLESCURE,www.quantamagazine.org,1,0,1
563,NikiValine,humansarefree.com,2,0,0
564,NikiValine,www.breitbart.com,2,0,0
565,NineInchBride,www.greanvillepost.com,1,1,0
566,NIPRGreens,www.nationalobserver.com,1,2,1
567,NJgreenbuilding,www.rateitgreen.com,2,0,1
568,NLCounselling,www.independent.co.uk,1,0,1
569,NobleProfit,www.weforum.org,1,1,1
570,norma__77,www.cnn.com,1,0,1
571,Nornenland,www.counterpunch.org,1,0,0
572,NorthAmcarbon,www.cbc.ca,2,0,1
573,NorthAmcarbon,www.theglobeandmail.com,1,0,1
574,Northeastern,news.northeastern.edu,1,2,1
575,NYGreenBuilding,www.rateitgreen.com,2,2,1
576,oakden_wolf,news.illinois.edu,2,0,1
577,occupycorruptDC,climatechangedispatch.com,1,4,1
578,occupycorruptDC,www.zerohedge.com,2,8,0
579,odhiambodanyell,www.standard.co.uk,2,0,1
580,OGMPourTous,thelogicofscience.com,2,0,1
581,OneSpeciam,www.ecosia.org,1,0,1
582,opennaukri,www.opennaukri.com,2,0,1
583,OPTrust,www.optrust.com,1,0,1
584,OrganicErica,organiclivefood.com,5,0,1
585,OrganicErica,seattleorganicrestaurants.com,18,1,1
586,OrganicErica,www.seattleorganicrestaurants.com,5,1,1
587,OrganicLiveFood,organiclivefood.com,2,28,1
588,ouronehome,onehome.org.uk,4,4,1
589,outdoorvital,driveway.homevertex.com,2,0,1
590,outdoorvital,globalwarming.outdoorvital.com,2,2,1
591,OutriderFdn,www.crowdsourcingsustainability.org,12,6,1
592,OwenMeeny,www.youtube.com,1,1,1
593,PAGreenbuilding,www.rateitgreen.com,2,0,1
594,PaladinoEU,www.reuters.com,1,0,1
595,PapaMooseAK,www.breitbart.com,1,0,0
596,ParadoxRolling,www.armstrongeconomics.com,2,0,1
597,patquintero_s,www.bloomberg.com,1,0,1
598,patricialclark,www.usatoday.com,1,0,1
599,patriotsnewscom,patriotsnews.com,1,0,1
600,PauleyesterPh,www.independent.co.uk,2,2,1
601,paulhowey,www.telegraph.co.uk,2,0,1
602,pauljimerson,www.joboneforhumanity.org,25,25,1
603,pdjmoo,theconversation.com,2,0,1
604,pdjmoo,www.quantamagazine.org,1,0,1
605,Pdzielinski,news.thedecpage.com,2,0,1
606,Pelican1,www.facebook.com,2,0,1
607,Penticton_Nigel,www.drroyspencer.com,1,0,1
608,peoplexplanet,www.peopleforplanet.it,4,2,1
609,peter_schijven,www.rtlnieuws.nl,1,0,1
610,peterdafcan,eu.usatoday.com,1,0,1
611,PeterDGardner,thinkprogress.org,1,0,0
612,Phil_di_Fer,theconversation.com,2,0,1
613,Phononic_Inc,www.inc.com,1,1,1
614,PhotographixByJ,science2017.globalchange.gov,1,0,1
615,Piktograf_MrLOL,lolsworld.com,1,0,1
616,Piktograf_MrLOL,twitter.com,1,0,1
617,pixel_and_ink,www.independent.co.uk,1,0,1
618,PlanetSWAMPY,www.cnn.com,1,1,1
619,PlasticBreakUp,www.channelnewsasia.com,2,0,1
620,PLVerratti,www.forbes.com,1,0,1
621,pokeysnowflake,www.haaretz.com,2,0,1
622,politstrip,humansarefree.com,2,2,0
623,PollutedDelhi,www.forbes.com,1,5,1
624,PORP_Science,www.reuters.com,1,5,1
625,prabhatmisra,www.news18.com,2,2,1
626,proof_io,proofmedia.io,1,0,1
627,ProutGlobal,www.independent.co.uk,2,0,1
628,proxcee,www.breitbart.com,2,18,0
629,Psychictaxi,www.breitbart.com,1,1,0
630,PublicAdvocacy,www.newsweek.com,1,0,1
631,QuietYorkshire,www.independent.co.uk,2,0,1
632,RachAgainstThe,www.bbc.com,2,0,1
633,RadioFarSide,www.accuweather.com,1,0,1
634,RadioFarSide,www.breitbart.com,1,0,0
635,rahayu64132092,eco-weekly.com,2,0,1
636,randburg_sun,randburgsun.co.za,1,0,1
637,rateitgreen,www.rateitgreen.com,2,0,1
638,rblumel,www.cnn.com,1,1,1
639,rdelarosayoon,www.quantamagazine.org,1,0,1
640,RealAZJ,thehill.com,1,0,1
641,RealBlindPirate,www.youtube.com,1,1,1
642,reg1776,www.breitbart.com,1,6,0
643,relay_power,relaypower.com,1,0,1
644,ReluctantUser2,www.breitbart.com,1,0,0
645,ReneOrij,www.economist.com,1,3,1
646,RepublicaNepal,myrepublica.nagariknetwork.com,2,2,1
647,RichardLAshwell,www.standard.co.uk,2,0,1
648,RichardLGoode1,wattsupwiththat.com,2,0,1
649,RichTatum,thebestschools.org,1,4,1
650,RIGreenbuilding,www.rateitgreen.com,2,0,1
651,riotwomennn,www.feinstein.senate.gov,1,19,1
652,riteaparty,www.dailywire.com,1,0,0
653,rjoseph7777,study.com,1,0,1
654,rjoseph7777,www.dailykos.com,1,1,0
655,rjoseph7777,www.rawstory.com,1,2,0
656,rjoseph7777,www.scientificamerican.com,1,1,1
657,RK_Gazette,rosebankkillarneygazette.co.za,1,0,1
658,rk70534,www.independent.co.uk,2,8,1
659,RMisstear,www.dailymail.co.uk,2,0,1
660,RobertS94525971,humansarefree.com,2,0,0
661,robinsonslater,www.bbc.co.uk,2,0,1
662,robmonster,www.rt.com,1,1,1
663,RobTiffany,apple.news,2,0,1
664,RoccoNY1,www.usatoday.com,1,0,1
665,roekshana0,www.nature.com,2,2,1
666,RogB17,www.forbes.com,2,0,1
667,RonaldTooTall,www.reuters.com,1,1,1
668,RosalindCPH,www.theguardian.com,1,0,1
669,RosemontGroup,www.weforum.org,2,0,1
670,rossr122,www.breitbart.com,1,0,0
671,Routes2R,www.drawdown.org,2,2,1
672,rpbreakingnews,www.patrika.com,1,3,1
673,rpujolvives,india.mongabay.com,5,0,1
674,rpujolvives,m.hindustantimes.com,1,0,1
675,rpujolvives,mashable.com,6,0,1
676,rpujolvives,rpujolviven.blogspot.com,51,6,1
677,rpujolvives,rpujolviven.blogspot.com.es,2,0,1
678,rpujolvives,sc.mp,5,0,1
679,rpujolvives,wapo.st,2,0,1
680,rpujolvives,www.carbonbrief.org,14,1,1
681,rpujolvives,www.nytimes.com,5,1,1
682,rpujolvives,www.theguardian.com,15,4,1
683,rrhlry,www.instagram.com,2,2,1
684,rrthakur,www.rmnkids.com,2,0,1
685,RSGroupAsia,edition.cnn.com,1,1,1
686,rsqk9s,humansarefree.com,2,0,0
687,RStabb26,bitly.com,2,2,1
688,run_renewables,climate.nasa.gov,2,0,1
689,ruthschuster,www.haaretz.com,2,0,1
690,RViselli,www.riccardoviselli.it,2,0,1
691,saadeqakhan,www.dawnnews.tv,2,0,1
692,salonprivemag,www.salonprivemag.com,1,0,1
693,sammoreton_,thinkprogress.org,1,0,0
694,sammoreton_,www.haaretz.com,2,2,1
695,sammoreton_,www.nbcnews.com,2,0,1
696,Sandton_News,sandtonchronicle.co.za,1,0,1
697,sara_almudhaf,edition-m.cnn.com,1,0,1
698,SchaedlerDavid,www.reddit.com,2,0,1
699,schestowitz,www.commondreams.org,1,0,0
700,schestowitz,www.counterpunch.org,2,0,0
701,SchoolsImprove,schoolsimprovement.net,4,0,1
702,SciDevNetSEAP,www.scidev.net,2,0,1
703,Seb_Aguanno,tracking.feedpress.it,1,0,1
704,SEBiology,www.sebiology.org,2,0,1
705,SecretNews,www.zerohedge.com,1,0,0
706,SecularStudents,www.nbcnews.com,2,8,1
707,SecurityEcho,ltgenerators.com,2,0,1
708,Seppo_Lipasti,bitly.com,1,1,1
709,Sev_Ren,truepundit.com,1,0,0
710,Sev_Ren,www.naturalnews.com,2,0,0
711,Sev_Ren,www.thegatewaypundit.com,4,0,0
712,SF_Bud,www.reuters.com,1,0,1
713,sfenchong,www.theguardian.com,1,0,1
714,SgkPlanet,sgerendask.com,3,4,1
715,Sharpt_Wit,www.breitbart.com,2,0,0
716,shekhardubey_,wwf.panda.org,2,0,1
717,sheltongrp,www.theguardian.com,1,1,1
718,ShesHellOnHeels,www.instagram.com,2,0,1
719,sifeij,21sci-tech.com,1,0,1
720,sifeij,climatism.blog,1,0,1
721,SilenceNotGold,thefreethoughtproject.com,1,0,0
722,Silvia5320,www.climatescienceinternational.org,2,0,1
723,SilviaRimola,www.weforum.org,2,0,1
724,Simla_28,m.youtube.com,1,0,1
725,Simla_28,www.dropbox.com,1,0,1
726,SimonChinYee,www.cbc.ca,1,0,1
727,SimonFoxWriter,www.amazon.com,2,2,1
728,SisselWLarsen,www.reuters.com,1,0,1
729,SkymetWeather,www.skymetweather.com,4,13,1
730,SlicksTweetz01,www.youtube.com,1,0,1
731,SLOTribune,www.sanluisobispo.com,2,0,1
732,SmorgShowRNC,www.apnews.com,1,0,1
733,SoCoBrands,thinkprogress.org,1,0,0
734,SoleilVertMusic,www.zerohedge.com,1,0,0
735,SonnyinScotland,www.570news.com,2,0,1
736,sosaysgeorge,aboutclimatechange.com,4,2,1
737,SoundbiteCultur,www.theguardian.com,1,0,1
738,SouthStrandNews,www.southstrandnews.com,2,0,1
739,soylentbeige,www.breitbart.com,1,0,0
740,SpecifierReview,specifierreview.com,1,0,1
741,SpencerEden1,soundcloud.com,1,0,1
742,springpowergas,cleantechnica.com,1,3,1
743,ssaurel,www.quora.com,2,0,1
744,stadtsllc,www.nbcnews.com,1,0,1
745,StanEvolve,honest-ab.blogspot.com,2,0,1
746,stargrazzer,www.thenewamerican.com,2,0,0
747,stevenk11011,www.axios.com,1,0,1
748,Stevewal63,www.theguardian.com,2,0,1
749,storagenerd73,www.bbc.co.uk,1,0,1
750,StraussMarine,www.bloomberg.com,1,0,1
751,Stryderpillows,www.youtube.com,1,1,1
752,SueBarkoBlogz,a.msn.com,2,0,1
753,SumanBh97835144,www.slideshare.net,1,0,1
754,SurvRenewEnergy,www.survivalrenewableenergy.com,1,0,1
755,Suryaprakash01K,www.instagram.com,1,1,1
756,SusanHeaney,www.voanews.com,1,0,1
757,susibillingsley,www.quantamagazine.org,1,0,1
758,svklvo,www.reuters.com,1,1,1
759,SwarmKnowledge,www.sciencealert.com,1,1,1
760,SwatantraGyan,www.swatantragyan.com,2,2,1
761,T3Doc,priceofoil.org,1,0,1
762,tabithawhiting,ow.ly,1,0,1
763,tafave,tafave,4,0,1
764,TaxiArchMichael,www.youtube.com,1,0,1
765,tech2eets,www.firstpost.com,2,2,1
766,terry_legg,thinkprogress.org,1,0,0
767,terry803,www.breitbart.com,1,0,0
768,Terrysagirl,www.yaleclimateconnections.org,1,0,1
769,Texastweetybird,cnb.cx,4,0,1
770,TheHoff305,drudgetoday.com,1,0,1
771,TheOxygenProj,buff.ly,2,6,1
772,ThePeoplesCube,www.armstrongeconomics.com,2,18,1
773,thePVJournal,www.americanthinker.com,1,0,0
774,thePVJournal,www.zerohedge.com,2,0,0
775,TheQuadMag,thebestschools.org,1,0,1
776,TheRealNews,therealnews.com,2,42,1
777,TheWeatherEgg,www.popsci.com,2,0,1
778,thewrightrachel,expressworldnews.com,2,0,1
779,ThoHeller,cleantechnica.com,2,2,1
780,thomaseuler,www.nytimes.com,1,0,1
781,thomasj17431826,www.americanthinker.com,4,0,0
782,thomasj17431826,www.breitbart.com,2,0,0
783,thomasj17431826,www.youtube.com,2,0,1
784,ThomasVitins,www.economist.com,1,0,1
785,tialeenelson,www.crowdsourcingsustainability.org,12,4,1
786,Timbo972,thinkprogress.org,1,0,0
787,timkerns88,www.breitbart.com,1,0,0
788,TimMelino,gpwx.news,12,3,1
789,titowebjunkie,www.newsweek.com,1,0,1
790,Tittle_tattle1,gab.ai,2,0,1
791,Tittle_tattle1,humansarefree.com,2,0,0
792,TNCREVELATION,www.youtube.com,1,0,1
793,TodayNewsEvents,www.shipldl.com,1,3,1
794,TodayorTamara,www.usatoday.com,1,0,1
795,tomh1000,www.youtube.com,2,2,1
796,toptentopia,www.zanyish.com,1,0,1
797,ToShedLight,www.cnn.com,1,0,1
798,transparencyone,www.supplychaindive.com,2,0,1
799,TrendsFormative,trendsformative.com,1,0,1
800,TriathleteUSA,prepareforchange.net,2,6,1
801,trump_trainchoo,www.youtube.com,1,1,1
802,twinkiejoe,news.valubit.org,2,0,1
803,twinkiejoe,quillette.com,1,0,1
804,twitmiser,www.breitbart.com,1,0,0
805,TXGreenBuilding,www.rateitgreen.com,2,0,1
806,unbnewsroom,unb.com.bd,1,0,1
807,UnboxedHomes,www.architectsjournal.co.uk,1,0,1
808,UndercoverInAK,www.breitbart.com,2,0,0
809,usatodayweather,www.usatoday.com,4,20,1
810,USC_Research,www.quantamagazine.org,2,0,1
811,USCGPGlobal,www.sciencedaily.com,1,0,1
812,USWeatherExpert,www.mikesmithenterprisesblog.com,1,0,1
813,VABVOX,www.newsweek.com,1,6,1
814,Vastuullisuus,www.reuters.com,1,0,1
815,vcue,apple.news,1,0,1
816,VisionChandra,www.instagram.com,1,0,1
817,vmpcott,www.zerohedge.com,2,0,0
818,vubblePOP,www.vubblepop.com,2,0,1
819,WakingLifeDream,www.newsweek.com,1,10,1
820,warhoonwinter,fee.org,1,0,1
821,WaterAgg,www.quantamagazine.org,1,0,1
822,WavesNoemie,www.ted.com,1,0,1
823,welfordwrites,ourfutureenvironment.blogspot.com,4,0,1
824,WesthoffTimothy,www.investors.com,1,1,1
825,WhatWeValue,www.reuters.com,1,1,1
826,where_next_kate,www.theguardian.com,1,0,1
827,WhittyMike,www.breitbart.com,1,0,0
828,WhittyMike,www.powerlineblog.com,2,0,0
829,whymandesign,www.theguardian.com,1,0,1
830,whymandesign,www.weforum.org,2,0,1
831,WildOnesNatives,www.accentnatural.com,2,0,1
832,WilsonSchool,www.washingtonpost.com,2,0,1
833,wimdubbel,www.youtube.com,1,0,1
834,wimvancotthem,www.weforum.org,4,0,1
835,windlord03,qz.com,1,0,1
836,WineNewsIt,winenews.it,3,4,1
837,Wise_Travellers,www.theguardian.com,2,4,1
838,wohnblogAt,wwf.panda.org,1,0,1
839,WojciechKosc,www.apnews.com,2,2,1
840,woofboy,www.skepticalscience.com,1,0,1
841,wordsandunwords,bit.ly,1,0,1
842,WordsBucket,www.politico.eu,1,0,1
843,WRIClimate,ow.ly,1,6,1
844,WWF,wwf.panda.org,2,123,1
845,WWFCities,wwf.panda.org,2,50,1
846,WWFEU,wwf.panda.org,2,14,1
847,WWFMy,wwf.panda.org,1,2,1
848,WWFTANZANIA,wwf.panda.org,2,2,1
849,wxmath,www.quantamagazine.org,1,0,1
850,xsited,humansarefree.com,2,0,0
851,yago1,link.medium.com,1,0,1
852,YtzPaul2U,www.quantamagazine.org,1,0,1
853,yvedas,www.christopherfountain.com,2,0,1
854,Zacksaxe,mashable.com,1,0,1
855,Zacksaxe,tulsabeacon.com,1,0,1
856,Zacksaxe,www.azfamily.com,1,0,1
857,Zacksaxe,www.forbes.com,1,0,1
858,Zealandian,www.breitbart.com,1,0,0
859,ZellartCo,fineartamerica.com,1,0,1
